id,title,location,claimantId,description,charitiesOnly,status,updatedAt,createdAt,donorId
1,Wake of the Red Witch,dhollier0,6252755540,ikinghorn0@columbia.edu,true,Daily,3/18/2021,12/26/2020,1
2,"Tale of Sweeney Todd, The",rlarchier1,9666136015,pmoffet1@flickr.com,false,Monthly,10/23/2020,11/13/2020,2
3,New in Town,kmayte2,1805483919,bbalsom2@msu.edu,true,Monthly,4/8/2021,5/19/2021,3
4,Spring Fever,ecoppin3,6096649580,dalbasini3@surveymonkey.com,false,Weekly,1/29/2021,3/5/2021,4
5,My Kid Could Paint That,aroches4,8758840869,yscudders4@youtube.com,false,Monthly,11/1/2020,2/15/2021,5
6,Terms of Endearment,sdockrill5,4144297519,aervine5@fda.gov,true,Weekly,1/24/2021,10/23/2020,6
7,"Black Camel, The (Charlie Chan in the Black Camel)",bmarle6,3444346727,sloughney6@dagondesign.com,true,Yearly,9/7/2020,6/6/2021,7
8,Waiter (Ober),adregan7,3591458856,mcottingham7@mtv.com,true,Seldom,12/25/2020,3/25/2021,8
9,"Quickie, The",jpinnocke8,1035802384,dludlem8@51.la,false,Once,1/19/2021,1/11/2021,9
10,Adios Carmen,tinglese9,0451085477,adone9@ovh.net,true,Daily,5/19/2021,5/21/2021,10
11,Mother Küsters Goes to Heaven (Mutter Küsters' Fahrt zum Himmel),pitzcaka,1668631822,cphilcocka@booking.com,false,Seldom,5/4/2021,9/14/2020,11
12,"Midnight Meat Train, The",pbuckamb,0840378432,ehectorb@elegantthemes.com,true,Once,5/15/2021,2/19/2021,12
13,"What's in a Name (Prénom, Le)",amckyrrellyc,7814997062,dscawnc@va.gov,false,Weekly,1/21/2021,3/16/2021,13
14,9,lrangelld,6517175148,chatfieldd@zdnet.com,true,Often,7/26/2021,9/11/2020,14
15,White Nights,sfilere,5157286821,prickerbye@ihg.com,true,Often,4/23/2021,2/14/2021,15
16,Dead Silence,osickamoref,0271397853,tfesslerf@mtv.com,true,Seldom,1/13/2021,1/16/2021,16
17,Ricky Gervais Live 2: Politics,mprivettg,4422210394,alongbothomg@eepurl.com,true,Seldom,9/26/2020,2/23/2021,17
18,Girlhood,edakhnoh,9670911044,griedigerh@ed.gov,true,Yearly,6/11/2021,4/16/2021,18
19,Jonas,jphelpi,5123407170,kantoschi@ucsd.edu,true,Yearly,6/3/2021,3/2/2021,19
20,Industrial Symphony No. 1: The Dream of the Brokenhearted,mstoutej,8307752647,bdavidekj@disqus.com,true,Seldom,4/13/2021,4/14/2021,20
21,Gigante,tganifordk,7007549683,mlammask@dell.com,false,Often,9/29/2020,2/8/2021,21
22,No Way Back,sbotemanl,4499450721,mdishmanl@infoseek.co.jp,true,Monthly,7/20/2021,8/10/2021,22
23,Auntie Mame,wreavellm,0710633092,lnardonim@taobao.com,false,Never,11/9/2020,11/4/2020,23
24,Treasure Island,mcaslanen,0006969267,mbalsellien@mac.com,true,Weekly,5/7/2021,5/1/2021,24
25,Paid,thannondo,8137191860,mhainso@comsenz.com,true,Daily,9/21/2020,12/12/2020,25
26,"Man Who Cried, The",bhinkenp,2512543196,vtorbetp@yellowbook.com,true,Monthly,10/15/2020,8/19/2021,26
27,"Ten Shrews, The (Kymmenen riivinrautaa)",jdenesq,1937141268,abewq@yandex.ru,true,Never,2/8/2021,11/6/2020,27
28,"Last Taboo, The",astillr,5190773752,labelwhiter@wiley.com,true,Yearly,10/21/2020,6/4/2021,28
29,"Ilsa, She Wolf of the SS",dchidzoys,1721920587,hbauers@gizmodo.com,false,Seldom,6/3/2021,10/9/2020,29
30,Belle comme la femme d'un autre,icantwellt,2234975360,pfinlaysont@webs.com,true,Seldom,8/19/2021,4/2/2021,30
31,"Devil's Rock, The",ftunnacliffeu,2960156919,nmcmorranu@sfgate.com,true,Monthly,3/19/2021,2/18/2021,31
32,Palmetto,cclaragev,8142796864,kheritegev@hostgator.com,false,Often,1/31/2021,2/17/2021,32
33,Ingmar Bergman Makes a Movie (Ingmar Bergman gör en film),agooldenw,0503977349,ecultchethw@baidu.com,false,Seldom,10/9/2020,5/10/2021,33
34,Are You Scared?,ktorregianix,7748560013,tlambertzx@scribd.com,true,Yearly,2/7/2021,9/1/2020,34
35,"Day the Earth Stood Still, The",gevesquey,7558048052,scroixy@goo.gl,true,Often,10/20/2020,10/23/2020,35
36,Crazy for Christmas,salpinez,6973588840,gsellensz@epa.gov,false,Weekly,12/2/2020,12/17/2020,36
37,Black Sunday (La maschera del demonio),marnli10,4762288845,fmarrable10@usatoday.com,false,Weekly,11/16/2020,7/12/2021,37
38,Mickey Blue Eyes,escimoni11,3348361664,khallaways11@cnn.com,true,Once,4/16/2021,8/1/2021,38
39,Stop Making Sense,kheifer12,1595752366,etredinnick12@github.com,false,Yearly,8/11/2021,4/24/2021,39
40,Heaven's Gate,bcarus13,5602905715,bphelp13@constantcontact.com,true,Seldom,3/30/2021,12/2/2020,40
41,Alien Trespass,rparmley14,9777823711,msander14@angelfire.com,false,Monthly,10/19/2020,6/11/2021,41
42,"Rover, The",mgasking15,7930166473,cleverentz15@gravatar.com,false,Seldom,8/22/2021,1/25/2021,42
43,Jeopardy (a.k.a. A Woman in Jeopardy),vbunson16,4584777810,gdeacon16@cloudflare.com,false,Often,1/2/2021,2/27/2021,43
44,"Christmas Carol: The Musical, A (Christmas Carol, A)",fcorringham17,6009645557,ehaggart17@netlog.com,true,Yearly,8/19/2021,3/25/2021,44
45,AmericanEast,rlatty18,5512921401,rdingwall18@psu.edu,false,Never,12/14/2020,3/8/2021,45
46,Nazis at the Center of the Earth,mstonestreet19,4960565179,aeakin19@cornell.edu,true,Weekly,7/9/2021,7/9/2021,46
47,Average Italian,gwestcarr1a,5659653790,gcatherick1a@ovh.net,true,Weekly,9/8/2020,11/6/2020,47
48,Dead Leaves,nbowdery1b,3536284930,mclampin1b@ihg.com,true,Once,7/9/2021,9/20/2020,48
49,Afterburn,gvellacott1c,8982817387,dyes1c@soundcloud.com,true,Weekly,6/4/2021,6/21/2021,49
50,Dark Matter,mgallimore1d,4570047351,acreech1d@desdev.cn,true,Once,2/12/2021,10/23/2020,50
51,Man with the Screaming Brain,voxe1e,0438679938,rkiddell1e@i2i.jp,true,Monthly,2/2/2021,8/6/2021,51
52,"Flight of Dragons, The",gdilger1f,6771824047,kdench1f@youku.com,false,Yearly,9/20/2020,7/14/2021,52
53,Jamie and Jessie Are Not Together,deggins1g,1338272101,hmarvell1g@hibu.com,false,Often,3/26/2021,1/4/2021,53
54,My Son John,ebruckman1h,5280936774,ifallawe1h@constantcontact.com,true,Seldom,4/2/2021,8/3/2021,54
55,"Brotherhood of Justice, The",sarnould1i,6784833384,dgask1i@wikia.com,false,Seldom,8/15/2021,2/27/2021,55
56,Where the Buffalo Roam,claurencot1j,0017149762,dbrommage1j@free.fr,false,Often,6/1/2021,4/22/2021,56
57,Levitated Mass,lantoszewski1k,0389848867,bdemageard1k@eventbrite.com,false,Monthly,10/6/2020,6/20/2021,57
58,Fiend Without a Face,gpady1l,3635339385,ngudgin1l@blog.com,false,Monthly,10/7/2020,6/1/2021,58
59,Her Master's Voice,rpratley1m,9510406392,amumbray1m@illinois.edu,false,Once,12/2/2020,10/20/2020,59
60,Once Upon a Time in Phuket (En gång i Phuket),lbeaven1n,5141911683,elenden1n@trellian.com,false,Monthly,10/28/2020,12/5/2020,60
61,The Adventures of Hercules,fcastellucci1o,5248793866,htatteshall1o@myspace.com,false,Yearly,7/25/2021,8/1/2021,61
62,The Brass Legend,mhourigan1p,6579598697,mlandall1p@simplemachines.org,true,Often,1/8/2021,2/24/2021,62
63,3 on a Couch (Three on a Couch),jhabben1q,4738113887,rsprowles1q@t.co,true,Seldom,5/10/2021,7/2/2021,63
64,The Stanford Prison Experiment,bledbury1r,4199122885,vberre1r@webmd.com,true,Weekly,7/26/2021,11/14/2020,64
65,The World Forgotten,lkirkbright1s,0745985505,cbloxsom1s@prweb.com,false,Monthly,11/19/2020,12/25/2020,65
66,Hamburger Hill,clemonby1t,7032469299,norhtmann1t@cbslocal.com,true,Yearly,12/8/2020,5/30/2021,66
67,"Love, Honour and Obey",elandon1u,4777278468,dbaume1u@smugmug.com,true,Monthly,1/31/2021,2/11/2021,67
68,Remo Williams: The Adventure Begins,nsyers1v,0655290281,hklos1v@va.gov,true,Daily,8/16/2021,9/28/2020,68
69,Cast a Giant Shadow,hbickerstasse1w,2983280136,elatour1w@clickbank.net,false,Weekly,11/29/2020,9/25/2020,69
70,Queens Logic,nbaty1x,5866712083,ucaras1x@blogspot.com,false,Seldom,10/25/2020,5/12/2021,70
71,"Prowler, The",frogger1y,9021935872,cschonfeld1y@youtube.com,false,Yearly,11/14/2020,12/29/2020,71
72,Answers to Nothing,ypitherick1z,1731639481,cmacy1z@bbc.co.uk,false,Seldom,10/17/2020,9/17/2020,72
73,"Crimson Wing: Mystery of the Flamingos, The",gbourbon20,8414024335,etingle20@howstuffworks.com,true,Once,7/17/2021,1/23/2021,73
74,30 Days of Night,bingliby21,4917943396,hreditt21@flickr.com,false,Never,10/18/2020,2/20/2021,74
75,Twilight of a Woman's Soul (Sumerki zhenskoi dushi),ddoghartie22,2037260199,dmurch22@clickbank.net,true,Often,7/20/2021,10/28/2020,75
76,Dr. Terror's House of Horrors,tstation23,6233975840,bouchterlony23@bandcamp.com,true,Weekly,8/14/2021,1/15/2021,76
77,Seventh Horse of the Sun  (Suraj Ka Satvan Ghoda),dgiacaponi24,6113721132,afredi24@cdbaby.com,false,Once,4/13/2021,8/10/2021,77
78,"Very Thought of You, The",wlongmuir25,1670233626,echam25@infoseek.co.jp,false,Weekly,5/12/2021,3/31/2021,78
79,The Great Raid,dcommusso26,4677467501,edicarli26@studiopress.com,false,Never,5/14/2021,4/28/2021,79
80,In a Glass Cage (Tras el cristal),bbascombe27,5766088140,sditchett27@studiopress.com,false,Seldom,2/26/2021,12/31/2020,80
81,Storage,klars28,9022416143,gfaldo28@gmpg.org,true,Weekly,7/29/2021,7/17/2021,81
82,The Haunted House,lguillou29,2129409253,ospink29@ox.ac.uk,false,Once,3/31/2021,3/2/2021,82
83,Upstairs and Downstairs,hkillshaw2a,1915528070,bpaslow2a@zimbio.com,true,Monthly,11/10/2020,6/9/2021,83
84,Magic in the Water,ushafier2b,7864586597,hdeplacido2b@slate.com,true,Never,6/27/2021,8/11/2021,84
85,Pursued,kbrandrick2c,1598547976,rqualtrough2c@delicious.com,true,Often,7/29/2021,3/5/2021,85
86,"Race for Your Life, Charlie Brown",sannett2d,3419654480,dbulluck2d@shutterfly.com,false,Weekly,3/20/2021,8/1/2021,86
87,Gardens of Stone,bpalfrey2e,4553817675,asalzberger2e@newyorker.com,true,Seldom,11/1/2020,4/14/2021,87
88,"Wild Hunt, The",mpantridge2f,5341385896,cfairburne2f@blogger.com,false,Often,2/22/2021,1/13/2021,88
89,"Samouraï, Le (Godson, The)",crobottom2g,9349368838,fcornillot2g@addtoany.com,false,Seldom,8/11/2021,7/16/2021,89
90,The Arrival of Wang,gjulien2h,1264284713,fsharpley2h@merriam-webster.com,false,Daily,11/12/2020,8/20/2021,90
91,Stealing Time (a.k.a. Rennie's Landing),rcasper2i,8479048565,mlamdin2i@amazon.co.jp,false,Never,8/15/2021,2/21/2021,91
92,2 ou 3 choses que je sais d'elle (2 or 3 Things I Know About Her),alownes2j,6251908742,dgandley2j@lulu.com,false,Weekly,5/26/2021,10/2/2020,92
93,Darkman,kyarnell2k,3116023441,belcox2k@123-reg.co.uk,true,Once,4/27/2021,3/17/2021,93
94,Jesse Stone: Innocents Lost,kquene2l,8974255693,emuggleston2l@w3.org,true,Once,10/10/2020,6/14/2021,94
95,Napoleon and Samantha,tnaris2m,0087475170,owhyley2m@weibo.com,true,Seldom,10/3/2020,10/17/2020,95
96,Going Ape!,rjosefsson2n,0473594579,bspinke2n@va.gov,false,Often,1/29/2021,5/16/2021,96
97,Dolphin Tale 2,rwardlow2o,2364910129,cgeffcock2o@hostgator.com,false,Weekly,4/20/2021,6/21/2021,97
98,Kidnapped For Christ,nmcgahern2p,3117045309,chowie2p@last.fm,false,Once,11/30/2020,12/1/2020,98
99,"Dangerous Profession, A",bhaggarty2q,4184304842,pgauntlett2q@jalbum.net,false,Often,6/15/2021,10/27/2020,99
100,That Touch of Mink,lkingham2r,1037063848,mrootes2r@tamu.edu,true,Weekly,6/25/2021,4/25/2021,100
101,Paris When It Sizzles,iwort2s,0126346437,acometti2s@wired.com,true,Yearly,3/2/2021,7/3/2021,101
102,Vince Vaughn's Wild West Comedy Show: 30 Days & 30 Nights - Hollywood to the Heartland,pevison2t,4162322961,afynes2t@engadget.com,true,Once,10/24/2020,5/11/2021,102
103,Bobby Deerfield,bromney2u,8996648442,imorris2u@disqus.com,true,Monthly,7/15/2021,7/11/2021,103
104,A Christmas Kiss,theibel2v,0638123038,bmatresse2v@un.org,true,Once,2/16/2021,12/25/2020,104
105,Alien Nation: Millennium,ebeggio2w,1947267175,hritchman2w@time.com,true,Weekly,6/7/2021,4/30/2021,105
106,Tabloid,bgamet2x,3093813689,mvenard2x@wordpress.org,false,Daily,9/8/2020,8/1/2021,106
107,Gothic,fodby2y,8289624662,tmcgillacoell2y@thetimes.co.uk,false,Daily,6/23/2021,4/29/2021,107
108,Familiar Ground,lsteart2z,6078529226,nlippitt2z@scribd.com,true,Never,1/20/2021,11/28/2020,108
109,"Karate Kid, Part III, The",imasey30,7902565008,amelliard30@theglobeandmail.com,false,Often,3/26/2021,8/24/2021,109
110,Richard III,ogarred31,3523097037,ttrayhorn31@cdbaby.com,true,Seldom,2/15/2021,4/12/2021,110
111,"Crowd, The",tliggons32,6321551562,pgoudie32@ox.ac.uk,true,Seldom,8/18/2021,2/14/2021,111
112,For Heaven's Sake,cdomerq33,0791664147,nastin33@ifeng.com,false,Weekly,3/20/2021,11/11/2020,112
113,Louis C.K.: Hilarious,hstaden34,8179344541,gpoulsen34@dedecms.com,true,Never,9/22/2020,5/14/2021,113
114,"Firm, The",amallan35,6819489722,amarchington35@fema.gov,false,Monthly,1/14/2021,11/24/2020,114
115,"Warlords, The (Tau ming chong)",fwharf36,5212844533,smathivet36@unc.edu,true,Weekly,5/9/2021,1/10/2021,115
116,Project Wild Thing,mscolland37,7900024719,ascheu37@wufoo.com,true,Monthly,10/17/2020,10/29/2020,116
117,Mary and Martha,dlonghi38,7195220303,sleadbeater38@sphinn.com,true,Once,4/3/2021,6/27/2021,117
118,"Food of the Gods, The",bcoulston39,7522532256,oschwandt39@youtube.com,false,Monthly,8/12/2021,1/1/2021,118
119,Navajo Joe,helden3a,6365048262,aclery3a@addtoany.com,false,Monthly,1/4/2021,6/16/2021,119
120,Best Boy,bjewson3b,5189621758,cmacnair3b@csmonitor.com,true,Often,5/14/2021,1/14/2021,120
121,No Good Deed,dstonman3c,8369340814,bpeirone3c@csmonitor.com,true,Often,5/13/2021,1/7/2021,121
122,The Hearts of Age,cmallord3d,5003311184,pcalkin3d@go.com,true,Yearly,7/6/2021,5/15/2021,122
123,"Bad News Bears in Breaking Training, The",dkopfer3e,9232601788,bstoate3e@walmart.com,true,Yearly,10/16/2020,10/1/2020,123
124,Dreamgirls,kstreetley3f,6292907287,osmy3f@google.fr,true,Seldom,4/19/2021,1/5/2021,124
125,Inside Moves,sprenty3g,5925208455,rbyres3g@jugem.jp,false,Often,5/9/2021,10/20/2020,125
126,"Cuckoo, The (Kukushka)",btice3h,5466149071,mmckew3h@purevolume.com,false,Yearly,5/30/2021,11/4/2020,126
127,Father of the Bride,ccumes3i,5594707468,svannuccini3i@patch.com,true,Never,2/14/2021,9/10/2020,127
128,Dear John,obresman3j,1089806302,aprodrick3j@cloudflare.com,true,Seldom,7/14/2021,4/4/2021,128
129,The Diary of Anne Frank,cbyatt3k,7083511659,pboosey3k@nasa.gov,true,Once,8/30/2021,9/25/2020,129
130,Black Like Me,pdallman3l,1466212683,cgeraghty3l@berkeley.edu,false,Daily,3/30/2021,12/1/2020,130
131,"Last Run, The",kteall3m,0755899725,asharper3m@blogtalkradio.com,false,Yearly,12/9/2020,3/7/2021,131
132,"I Am My Films - A Portrait of Werner Herzog (Was ich bin, sind meine Filme)",idoerffer3n,2790117586,pziems3n@cnn.com,false,Seldom,4/11/2021,9/18/2020,132
133,"Den, The",dsoldi3o,8055552533,odelcastello3o@youku.com,false,Monthly,12/3/2020,3/24/2021,133
134,Scary Movie 3,tfoakes3p,2575058929,msketh3p@ihg.com,true,Seldom,10/31/2020,1/30/2021,134
135,Posse,nfishpond3q,3212469846,ckellick3q@hexun.com,true,Monthly,10/28/2020,11/11/2020,135
136,Let it Come Down: The Life of Paul Bowles,msivorn3r,5772868284,gtwinning3r@ehow.com,true,Weekly,12/29/2020,9/10/2020,136
137,Vietnam in HD,tparvin3s,4504002329,wburdass3s@webnode.com,true,Once,3/11/2021,4/16/2021,137
138,Rules of Single Life (Sinkkuelämän säännöt),jkhilkov3t,7928579669,sprobbings3t@blogs.com,true,Yearly,6/4/2021,12/5/2020,138
139,"Hawaiians, The",norritt3u,0116754168,hlegister3u@example.com,true,Weekly,5/2/2021,8/12/2021,139
140,"Corn Is Green, The",pcausier3v,4961211885,eplacstone3v@cmu.edu,false,Seldom,7/5/2021,8/10/2021,140
141,The Heart of the World,bdaffey3w,0301526397,msansome3w@sciencedirect.com,true,Monthly,12/16/2020,5/7/2021,141
142,Beauty and the Beast (Beauty and the Beasts: A Dark Tale),jrosekilly3x,8901064081,ccaret3x@squidoo.com,false,Never,5/29/2021,11/29/2020,142
143,Mega Piranha,esayce3y,4362269886,fhonack3y@instagram.com,false,Once,11/9/2020,3/14/2021,143
144,The Circle,gdowney3z,2346033367,rdowty3z@theglobeandmail.com,true,Weekly,9/15/2020,7/23/2021,144
145,"Flesh Merchant, The (Wild and Wicked, The)",mlytle40,6707351605,lhannum40@geocities.jp,true,Once,12/22/2020,4/10/2021,145
146,Yanco ,pmashro41,4882685590,fperchard41@wisc.edu,true,Often,3/21/2021,6/6/2021,146
147,"Métamorphose des cloportes, La",lghilardini42,5979763783,ndenney42@si.edu,true,Monthly,9/18/2020,3/30/2021,147
148,"Super Inframan, The (Zhong guo chao ren)",ctroth43,0973740590,ggossage43@indiatimes.com,true,Seldom,8/4/2021,8/23/2021,148
149,"Cosmonaut, The",tsneyd44,2970509091,adivell44@furl.net,false,Never,1/11/2021,2/28/2021,149
150,"Story of Maths, The",hveljes45,7098971588,kwincom45@ning.com,false,Often,12/13/2020,4/18/2021,150
151,Backdraft,acaulier46,6841160924,glively46@intel.com,false,Often,4/24/2021,5/12/2021,151
152,The Girls,kwestmancoat47,0261318721,htheyer47@ucoz.ru,true,Weekly,5/1/2021,3/23/2021,152
153,"Prophet, the Gold and the Transylvanians, The (Profetul, aurul si Ardelenii)",laasaf48,3509778278,dpevreal48@goodreads.com,false,Yearly,8/5/2021,8/14/2021,153
154,They Might Be Giants,mmyerscough49,0068352085,mmarchi49@guardian.co.uk,false,Daily,11/17/2020,8/4/2021,154
155,Camera Buff (Amator),mkarby4a,9314000737,kgosby4a@msu.edu,true,Once,10/14/2020,7/8/2021,155
156,"Avventura, L' (Adventure, The)",gmead4b,7778545047,mgladwin4b@com.com,true,Often,6/3/2021,8/11/2021,156
157,Brassed Off,brudland4c,7366441333,jhawkin4c@rediff.com,false,Often,7/31/2021,5/15/2021,157
158,Tin Man,avanin4d,6729375353,kdeely4d@google.ca,false,Yearly,10/3/2020,7/31/2021,158
159,Macao,dbrigge4e,1190248379,abraunle4e@senate.gov,false,Seldom,2/23/2021,8/21/2021,159
160,Cadillac Man,bdunstan4f,4291463421,gcrankshaw4f@techcrunch.com,true,Monthly,4/9/2021,12/14/2020,160
161,Submarine,vbrower4g,2797016106,smclenaghan4g@craigslist.org,false,Weekly,12/22/2020,12/11/2020,161
162,Frontrunners,gcapelen4h,8668418289,bbattrum4h@timesonline.co.uk,false,Seldom,9/24/2020,3/7/2021,162
163,"Assassination (Ansatsu) (Assassination, The) (Assassin, The)",kmeininger4i,3270845766,lwyne4i@elegantthemes.com,true,Monthly,8/24/2021,1/27/2021,163
164,"Sitter, The",cminter4j,8459495485,gcausby4j@symantec.com,true,Seldom,9/24/2020,9/30/2020,164
165,"Sheriff and the Satellite Kid, The",cgascoyne4k,6669027222,sangear4k@un.org,false,Seldom,5/24/2021,2/15/2021,165
166,She Wouldn't Say Yes,lhexum4l,3658485558,rhorbart4l@ft.com,true,Yearly,9/28/2020,5/2/2021,166
167,"Eversmile, New Jersey",emcmorran4m,8921740929,lkeepence4m@home.pl,false,Never,12/10/2020,1/15/2021,167
168,About Face: Supermodels Then and Now,jlockyear4n,7309171756,apulford4n@paypal.com,true,Yearly,11/18/2020,8/12/2021,168
169,Breakaway (Speedy Singhs),aduddy4o,7774181121,kstrut4o@slate.com,true,Yearly,7/7/2021,3/5/2021,169
170,Facing the Giants,dren4p,1588371506,tbunten4p@samsung.com,true,Once,8/21/2021,8/21/2021,170
171,Legend,cking4q,9604936379,zkardos4q@google.com,false,Seldom,8/12/2021,4/17/2021,171
172,The Cruel Sea,cbrisbane4r,3462412752,gdiggle4r@topsy.com,true,Yearly,3/19/2021,11/1/2020,172
173,"Young and the Dead, The",ceighteen4s,8227438164,ggreger4s@reverbnation.com,false,Often,2/20/2021,3/3/2021,173
174,Let's Kill Ward's Wife,cvanderplas4t,5320881908,wbuske4t@salon.com,true,Monthly,2/7/2021,10/25/2020,174
175,"Invisible Woman, The",mdesson4u,1062921364,ssweatland4u@imgur.com,false,Daily,11/17/2020,4/7/2021,175
176,"Sin of Madelon Claudet, The",mkingsbury4v,3436939838,ldaveridge4v@un.org,false,Never,6/4/2021,4/30/2021,176
177,27 Dresses,jgabbidon4w,1920817352,ldaoust4w@shinystat.com,true,Daily,3/25/2021,8/10/2021,177
178,"See No Evil, Hear No Evil",mcobon4x,7792126544,awilmington4x@github.io,true,Often,2/17/2021,7/24/2021,178
179,Texas Across the River,jhowieson4y,5289788107,hdocwra4y@discovery.com,true,Yearly,4/6/2021,2/16/2021,179
180,"Education of Charlie Banks, The",dpexton4z,0269073744,cblanning4z@bloglines.com,true,Daily,11/19/2020,8/13/2021,180
181,"Greatest Movie Ever Sold, The (POM Wonderful Presents: The Greatest Movie Ever Sold)",nproswell50,7117493305,ghayton50@boston.com,false,Seldom,9/23/2020,8/22/2021,181
182,JFK,candrieux51,1101505109,mgerbel51@ebay.co.uk,false,Daily,2/16/2021,3/11/2021,182
183,Love and Death on Long Island,mcarletto52,9774598903,bcupper52@wikispaces.com,true,Once,5/14/2021,1/6/2021,183
184,Seconds,jmacklam53,2316564658,atewkesberrie53@spotify.com,true,Never,1/26/2021,5/5/2021,184
185,Battle for the Planet of the Apes,ljulian54,6297534179,bjilliss54@scientificamerican.com,true,Daily,3/8/2021,11/5/2020,185
186,Pacific Heights,wpalethorpe55,9854890791,rgange55@lycos.com,true,Often,8/1/2021,9/23/2020,186
187,"Emerald Forest, The",rmeeron56,7786008152,arisbridge56@360.cn,false,Weekly,9/29/2020,7/30/2021,187
188,"Texas Chainsaw Massacre: The Beginning, The",mauckland57,4711847448,bchaize57@google.com.br,false,Yearly,9/27/2020,8/29/2021,188
189,Love Torn in Dream (Combat d'amour en songe),rwilkisson58,1267241918,kkach58@si.edu,true,Never,12/13/2020,9/26/2020,189
190,Viva Knievel!,jdedon59,3970389097,aclewett59@statcounter.com,true,Monthly,4/27/2021,4/23/2021,190
191,"Raven, The",mskelington5a,6922464117,emacmychem5a@senate.gov,false,Weekly,1/29/2021,6/14/2021,191
192,"Guru, The",elayburn5b,6851727382,dnorthage5b@washingtonpost.com,true,Often,9/4/2020,9/1/2020,192
193,"Paper Chase, The",rgoulstone5c,1431706361,dsivorn5c@storify.com,true,Daily,6/20/2021,1/27/2021,193
194,"Fighting Spirit, The",tdelascy5d,2397025078,mrein5d@1und1.de,true,Monthly,11/19/2020,7/7/2021,194
195,"Hurricane, The",ochable5e,2429042827,fgraben5e@rakuten.co.jp,false,Once,6/12/2021,9/19/2020,195
196,Angry Video Game Nerd: The Movie,bdawbury5f,0607080639,dcopestick5f@usatoday.com,true,Often,3/24/2021,4/2/2021,196
197,"Union, The",fmorritt5g,7583947650,rmartinovsky5g@netscape.com,true,Seldom,2/26/2021,6/12/2021,197
198,Casper,rsoutherden5h,5534176946,lcroix5h@clickbank.net,false,Once,12/10/2020,11/7/2020,198
199,Iron Eagle IV,asimmers5i,6712038014,ncasolla5i@cocolog-nifty.com,false,Seldom,6/26/2021,9/8/2020,199
200,Bunraku,slyall5j,5631372193,ccorness5j@pcworld.com,true,Weekly,9/13/2020,8/31/2021,200
201,"Dinosaur Project, The",wjuleff5k,0693984287,wjeal5k@google.es,false,Daily,9/28/2020,7/22/2021,201
202,Bad Karma,dsciacovelli5l,6953282754,dshelsher5l@weebly.com,false,Daily,8/12/2021,4/17/2021,202
203,"Fiendish Plot of Dr. Fu Manchu, The",smartinet5m,6940665013,lmacwilliam5m@nbcnews.com,false,Daily,8/12/2021,9/30/2020,203
204,Van Helsing,egane5n,5964055192,edumbarton5n@ox.ac.uk,false,Yearly,3/4/2021,10/22/2020,204
205,Me Myself I,bhattersley5o,3859700359,ksteinhammer5o@eepurl.com,false,Yearly,10/26/2020,4/27/2021,205
206,If You Could See What I Hear,cruthen5p,5199373609,tszimon5p@ucsd.edu,false,Weekly,12/31/2020,11/20/2020,206
207,RFK Must Die: The Assassination of Bobby Kennedy,lwhiskin5q,4376355119,agillitt5q@thetimes.co.uk,false,Monthly,10/20/2020,8/31/2021,207
208,"Visiteurs du soir, Les (Devil's Envoys, The)",cskitch5r,8503213419,fimlacke5r@cmu.edu,false,Yearly,6/29/2021,2/19/2021,208
209,Painted Skin,bpuckring5s,1248654978,rtodarello5s@bloglovin.com,true,Seldom,9/16/2020,7/19/2021,209
210,Revenge of the Nerds IV: Nerds in Love,ggutowski5t,5052120192,pcarsey5t@over-blog.com,true,Weekly,8/30/2021,12/9/2020,210
211,"Strange Little Cat, The (Das merkwürdige Kätzchen)",lsambath5u,8881945576,rbrittle5u@nhs.uk,true,Never,11/29/2020,6/13/2021,211
212,"Sport, Sport, Sport",clevesley5v,6565240264,hcollcott5v@clickbank.net,false,Seldom,11/7/2020,8/25/2021,212
213,Knight and Day,tlangman5w,7020548490,nakehurst5w@myspace.com,false,Yearly,6/17/2021,9/22/2020,213
214,Music Box,wgazzard5x,8546800790,jcrozier5x@histats.com,false,Seldom,3/31/2021,1/6/2021,214
215,Gidget,sgolt5y,1521594449,ssaltern5y@samsung.com,true,Daily,1/2/2021,5/3/2021,215
216,Werewolf of London,lpettican5z,3319940686,bwapples5z@usnews.com,true,Weekly,5/1/2021,11/1/2020,216
217,Bugs Bunny's 3rd Movie: 1001 Rabbit Tales,dchieco60,7219374771,gstidson60@ask.com,true,Seldom,2/17/2021,6/28/2021,217
218,Cathy Come Home,ibromet61,0539990000,fgummie61@alexa.com,false,Never,10/30/2020,12/30/2020,218
219,The Identical,whursey62,4497425967,kthaine62@yandex.ru,false,Monthly,8/8/2021,9/30/2020,219
220,"Inheritors, The (Siebtelbauern, Die)",rnary63,8908545069,rorhtmann63@bing.com,false,Seldom,6/13/2021,10/23/2020,220
221,Marie from the Bay of Angels (Marie Baie Des Anges),fhutson64,9220583739,fbeadles64@soup.io,true,Daily,7/14/2021,7/29/2021,221
222,"World Moves On, The",ufereday65,6564106564,ktrotter65@ihg.com,true,Daily,9/30/2020,5/3/2021,222
223,Eddie Izzard: Force Majeure Live,bminget66,7298292099,rfellgett66@gmpg.org,false,Seldom,8/16/2021,1/2/2021,223
224,Milagro Beanfield War,delmore67,7438201279,kelies67@shareasale.com,true,Often,9/13/2020,9/21/2020,224
225,Boston's Finest,vtrassler68,8152038245,cnovichenko68@time.com,true,Seldom,11/24/2020,9/4/2020,225
226,Numbskull Emptybrook (Uuno Turhapuro),hmackieson69,4990896092,lbettaney69@nhs.uk,true,Seldom,6/26/2021,8/10/2021,226
227,Jack the Giant Slayer,cnulty6a,1748515772,agildroy6a@4shared.com,true,Never,6/27/2021,7/11/2021,227
228,Dolphin Tale 2,hbernardin6b,0396718981,mbattams6b@webnode.com,false,Weekly,6/25/2021,3/7/2021,228
229,I Don't Want to Sleep Alone (Hei yan quan),bcobb6c,1723381187,dbonallack6c@deviantart.com,false,Never,8/3/2021,7/10/2021,229
230,Hurricane Streets,fpetticrow6d,7132903764,jgammill6d@imageshack.us,false,Monthly,10/10/2020,4/3/2021,230
231,1971,sveall6e,4764544059,ctoth6e@gizmodo.com,true,Seldom,11/18/2020,9/1/2020,231
232,Lupin III: The Castle Of Cagliostro (Rupan sansei: Kariosutoro no shiro),kpontain6f,0087291940,sharvie6f@techcrunch.com,false,Weekly,2/25/2021,11/2/2020,232
233,Quiet as a Mouse (Muxmäuschenstill),nmillmoe6g,9036494850,asoars6g@a8.net,true,Never,11/16/2020,3/31/2021,233
234,"Unsaid, The",egynne6h,4859923391,fvedeshkin6h@163.com,true,Weekly,5/20/2021,8/3/2021,234
235,Spinning Plates,jcarluccio6i,2621072119,fdunbavin6i@mysql.com,true,Seldom,9/2/2020,4/16/2021,235
236,Invisible Invaders,akildahl6j,7022534233,jedling6j@google.co.jp,false,Weekly,4/22/2021,3/16/2021,236
237,Intimate Enemies (L'ennemi intime),cloveredge6k,9875450197,clindeberg6k@ycombinator.com,false,Never,4/14/2021,4/12/2021,237
238,In the Beginning (À l'Origine),akarpe6l,9544689524,bconnar6l@upenn.edu,true,Monthly,3/12/2021,7/18/2021,238
239,Last Call (Hoogste tijd),spadbury6m,9055709352,ahamor6m@cdc.gov,true,Never,3/14/2021,12/20/2020,239
240,Friday the 13th Part 3: 3D,zsisland6n,6593081361,hshorton6n@mail.ru,true,Often,2/19/2021,6/7/2021,240
241,"Day the Earth Stood Still, The",cheald6o,1228966664,thulse6o@newyorker.com,false,Weekly,9/23/2020,10/12/2020,241
242,It's Alive,rmeredith6p,7127801533,kwinscomb6p@creativecommons.org,false,Often,4/29/2021,3/10/2021,242
243,Who Am I? (Wo shi shei),evella6q,8558907323,tgillian6q@msu.edu,true,Often,7/30/2021,11/24/2020,243
244,"Goodbye, Mr. Chips",cclerk6r,9543093032,hricks6r@amazon.com,true,Never,11/1/2020,5/25/2021,244
245,Shadows of Liberty ,nlatehouse6s,6881469586,hboles6s@xing.com,false,Monthly,8/27/2021,4/28/2021,245
246,Fatso,amalby6t,8157771439,hgerdts6t@amazon.com,true,Often,1/29/2021,3/19/2021,246
247,Woman in the Dunes (Suna no onna),pafonso6u,6877048423,lsteagall6u@eventbrite.com,true,Once,6/5/2021,5/2/2021,247
248,Perfect Sense,xburrill6v,3970293502,tmccarver6v@google.co.uk,true,Often,9/16/2020,8/5/2021,248
249,Life of Pi,mcurnokk6w,6624709294,espeller6w@godaddy.com,true,Seldom,3/7/2021,1/17/2021,249
250,Dragonball Evolution,vmerali6x,2608148581,nmatveyev6x@amazon.co.jp,false,Once,11/10/2020,2/26/2021,250
251,Hulk,celphinston6y,0217889476,ctrimble6y@geocities.com,true,Seldom,6/1/2021,1/27/2021,251
252,Behind Blue Skies (Himlen är oskyldigt blå),ddranfield6z,2027948163,jlarrett6z@seesaa.net,true,Monthly,4/8/2021,3/1/2021,252
253,Hitting Home,cfaunt70,4397149860,ntartt70@edublogs.org,false,Seldom,3/3/2021,12/27/2020,253
254,Wanderlust,lronisch71,6480780930,rscarse71@cmu.edu,false,Often,7/9/2021,4/9/2021,254
255,Bugs Bunny's Looney Christmas Tales,bpetroulis72,4956227124,ojanodet72@blogger.com,true,Monthly,10/31/2020,7/5/2021,255
256,Wallace & Gromit: The Best of Aardman Animation,ewoodruff73,9397306529,fbundock73@issuu.com,false,Yearly,11/2/2020,3/3/2021,256
257,Strangers When We Meet,nmushrow74,7340888624,jcurr74@ucla.edu,false,Never,12/12/2020,12/2/2020,257
258,Lotta 2: Lotta flyttar hemifrån,sgerrietz75,5266305746,lbenedit75@yolasite.com,true,Yearly,6/15/2021,10/31/2020,258
259,"Yellow Handkerchief, The",sdodge76,6105600976,wphilippou76@businessinsider.com,false,Often,4/15/2021,12/22/2020,259
260,"Confession, The",tgrinval77,0318258420,egyrgorcewicx77@amazonaws.com,true,Monthly,10/30/2020,6/24/2021,260
261,13 Sins,cawty78,2699861669,ocheeke78@usnews.com,false,Weekly,3/19/2021,3/20/2021,261
262,"New Adventures of Pippi Longstocking, The",hharle79,5616192724,clecount79@opensource.org,true,Weekly,1/3/2021,11/4/2020,262
263,Tenchi: The Samurai Astronomer,rwoolcocks7a,4185905912,glarn7a@discovery.com,true,Once,11/6/2020,3/21/2021,263
264,Born Yesterday,nlondsdale7b,3486071327,mfeatenby7b@meetup.com,true,Weekly,5/25/2021,1/5/2021,264
265,Phantasm,aashlee7c,1029847371,psommerscales7c@de.vu,true,Monthly,8/1/2021,6/26/2021,265
266,Lipstick,ejustun7d,5603284765,gguidelli7d@google.pl,true,Yearly,11/28/2020,1/11/2021,266
267,The Magical Legend of the Leprechauns,ccoverdale7e,8675810415,ckeynd7e@sourceforge.net,true,Seldom,6/26/2021,3/27/2021,267
268,Death Warrant,rortner7f,9549488128,shenkens7f@t-online.de,true,Never,10/16/2020,12/1/2020,268
269,Deception,rmathis7g,5152626977,inockles7g@archive.org,true,Yearly,10/9/2020,12/12/2020,269
270,"Apparition, The",byankishin7h,9596624539,rharpur7h@homestead.com,true,Once,1/23/2021,4/6/2021,270
271,Double Tide,mscarsbrick7i,6997101968,rbouchard7i@seattletimes.com,true,Never,7/25/2021,7/11/2021,271
272,"Front, The",hmcgebenay7j,7287523825,gwhiskerd7j@amazon.co.jp,false,Often,5/20/2021,5/2/2021,272
273,"Vodka, Mr. Palmu (Vodkaa, komisario Palmu)",adalliston7k,6654138899,gkrollmann7k@illinois.edu,true,Never,4/29/2021,8/29/2021,273
274,Gator,fcoucher7l,8584682503,ejowitt7l@unc.edu,false,Monthly,2/23/2021,12/31/2020,274
275,"Paris, I Love You (Paris, je t'aime)",cbrogini7m,4440925677,olitt7m@edublogs.org,false,Seldom,7/24/2021,4/6/2021,275
276,Christmas in August (Palwolui Christmas),ekendle7n,1012326039,rradmer7n@facebook.com,true,Monthly,8/21/2021,10/1/2020,276
277,Babylon 5: A Call to Arms,ngourlay7o,9255466941,wtreweek7o@dailymotion.com,false,Weekly,1/5/2021,3/27/2021,277
278,Kangaroo Jack,nweeden7p,6571230089,kbuttler7p@xinhuanet.com,true,Seldom,12/3/2020,4/25/2021,278
279,I Don't Want to Be a Man (Ich möchte kein Mann sein),abougen7q,5128171094,sguidera7q@npr.org,false,Monthly,12/7/2020,10/9/2020,279
280,Import/Export,vbettenay7r,9130850738,lmcmeyler7r@prweb.com,true,Once,12/29/2020,11/14/2020,280
281,"Dexter the Dragon & Bumble the Bear (a.k.a. Dragon That Wasn't (Or Was He?), The) (Als je begrijpt wat ik bedoel)",pmorrieson7s,7308801144,jrowbottam7s@hc360.com,false,Often,4/23/2021,5/29/2021,281
282,"Cube of Sugar, A (Ye Habe Ghand)",fcolbrun7t,6965205059,bratledge7t@qq.com,true,Weekly,2/17/2021,9/8/2020,282
283,Boy Meets Girl,phymers7u,4242599331,rbeckles7u@mashable.com,false,Weekly,11/21/2020,11/6/2020,283
284,Nightmaster (Watch the Shadows Dance),hscedall7v,6266585146,rvlasenkov7v@admin.ch,true,Weekly,6/8/2021,2/6/2021,284
285,Sunset,bammer7w,0891748865,sproswell7w@oakley.com,false,Once,4/5/2021,3/3/2021,285
286,"Unholy Three, The",nbedrosian7x,3238619756,cpagram7x@sourceforge.net,false,Monthly,11/10/2020,6/29/2021,286
287,Black Moon,lbrunelleschi7y,3391203366,foshirine7y@umich.edu,true,Often,10/25/2020,3/24/2021,287
288,Poetic Justice,cstucke7z,6882718016,gfibbitts7z@alibaba.com,false,Seldom,1/8/2021,6/8/2021,288
289,Escape from L.A.,cchalice80,7808429279,dphipardshears80@oaic.gov.au,false,Seldom,7/27/2021,12/10/2020,289
290,Bedazzled,dbailes81,8101745912,ablaza81@dyndns.org,true,Never,4/11/2021,8/28/2021,290
291,Gangsters,rshoveller82,4147947581,btofpik82@illinois.edu,true,Never,8/5/2021,12/4/2020,291
292,"Double Hour, The (La doppia ora)",escriven83,6778458976,vbrundale83@upenn.edu,true,Once,11/21/2020,12/6/2020,292
293,Hollidaysburg,cwederell84,4677815569,cgodlip84@kickstarter.com,false,Monthly,12/31/2020,12/9/2020,293
294,Branded,gsibbert85,9607051793,ppharrow85@irs.gov,true,Daily,5/18/2021,9/24/2020,294
295,"Velocity of Gary, The",kmulford86,2197332066,phandrock86@shareasale.com,true,Yearly,1/17/2021,2/28/2021,295
296,We're the Millers,dbosket87,8156556720,jbartali87@mail.ru,true,Weekly,1/6/2021,9/28/2020,296
297,Mommie Dearest,taronov88,4614966195,cannakin88@wikia.com,false,Once,6/22/2021,6/19/2021,297
298,Raze,csuff89,6016163619,vfrissell89@istockphoto.com,true,Seldom,1/11/2021,5/9/2021,298
299,Very Good Girls,dhudd8a,4007928967,gdryburgh8a@netlog.com,true,Weekly,1/22/2021,2/3/2021,299
300,Reign of Assassins,abewley8b,0377157155,tmemmory8b@sun.com,true,Often,11/18/2020,11/7/2020,300
301,Short Eyes,lphillippo8c,1364584417,fvarah8c@forbes.com,false,Never,8/21/2021,9/29/2020,301
302,Great Expectations,fdezamudio8d,5757243988,afilasov8d@bing.com,true,Once,9/7/2020,10/15/2020,302
303,House of Flying Daggers (Shi mian mai fu),emacadam8e,4713365408,eodreain8e@goo.gl,false,Once,10/25/2020,6/23/2021,303
304,The Menacing Eye,lbatrick8f,6461398589,creede8f@mlb.com,true,Never,11/17/2020,7/7/2021,304
305,Halfmoon (Paul Bowles - Halbmond),mgallahue8g,8929420818,ccaslin8g@nature.com,false,Often,4/23/2021,6/23/2021,305
306,7 Men from Now (Seven Men from Now),avanlint8h,4195255422,bwofenden8h@imgur.com,true,Monthly,5/20/2021,5/15/2021,306
307,Film About a Woman Who...,jbloor8i,7942970361,hpaffitt8i@businesswire.com,true,Seldom,9/23/2020,12/13/2020,307
308,47  Ronin (Shijûshichinin no shikaku),apatria8j,4927097242,bmcturlough8j@typepad.com,false,Never,11/4/2020,4/15/2021,308
309,Promise of the Flesh (Yukcheui yaksok),fbrilleman8k,1433545527,jcollimore8k@gizmodo.com,false,Never,1/25/2021,4/20/2021,309
310,Shrek 2,ctullett8l,2576834736,srosenboim8l@dot.gov,false,Often,8/23/2021,7/4/2021,310
311,Who Can Kill a Child? (a.k.a. Island of the Damned) (¿Quién puede matar a un niño?),lschreiner8m,7907053307,gheigho8m@meetup.com,true,Yearly,6/13/2021,3/10/2021,311
312,Bhaag Milka Bhaag,dmenichi8n,6384298538,bnield8n@google.pl,false,Often,4/10/2021,6/24/2021,312
313,Capturing Mary,vdurdle8o,5009371987,abeslier8o@mayoclinic.com,true,Seldom,12/23/2020,11/12/2020,313
314,Hadersfild (Huddersfield),atrumble8p,1818664879,lmcindoe8p@cyberchimps.com,false,Daily,8/12/2021,7/13/2021,314
315,Charade,tbendell8q,4011044911,odeevey8q@sogou.com,false,Once,10/24/2020,2/8/2021,315
316,Merantau,cginglell8r,7424197274,nstuer8r@apache.org,true,Never,12/20/2020,1/29/2021,316
317,Without Warning,phandrock8s,1816903868,rarunowicz8s@usa.gov,true,Once,3/4/2021,7/23/2021,317
318,Prince Valiant,vboller8t,5214626061,mwhiley8t@rakuten.co.jp,false,Often,8/14/2021,5/29/2021,318
319,Quiet Chaos (Caos calmo),bbleasdale8u,1502620804,etenpenny8u@illinois.edu,false,Often,10/18/2020,3/2/2021,319
320,Deception,cmainds8v,5703393914,bfoister8v@blogspot.com,true,Often,11/19/2020,1/21/2021,320
321,"Phenix City Story, The",gtewes8w,8637709559,lpitkethly8w@cbsnews.com,true,Seldom,2/11/2021,1/30/2021,321
322,That's Entertainment! III,mrizon8x,3181907316,mgarlant8x@simplemachines.org,true,Once,10/26/2020,4/10/2021,322
323,Chill Factor,wburling8y,5236831512,gmadner8y@economist.com,true,Yearly,9/5/2020,10/5/2020,323
324,Jersey Girl,mmcphaden8z,1118601890,aderges8z@ask.com,false,Once,2/4/2021,9/6/2020,324
325,Wrestling (Bræðrabylta),pmapston90,9291252662,pfrankowski90@ed.gov,false,Never,10/9/2020,7/30/2021,325
326,Flow,rgeertje91,0087480573,rskirven91@discuz.net,true,Daily,3/10/2021,8/15/2021,326
327,Bang Bang,kcleyne92,1893384365,bgready92@stumbleupon.com,false,Seldom,7/7/2021,7/29/2021,327
328,"4th Floor, The",ewise93,0698276523,rdodamead93@va.gov,false,Daily,8/8/2021,4/13/2021,328
329,A Summer in La Goulette,tkenneford94,8015203295,gtwentyman94@google.com,false,Weekly,5/2/2021,6/16/2021,329
330,My Flesh and Blood,cyexley95,1703172914,mloody95@earthlink.net,false,Daily,9/24/2020,6/16/2021,330
331,How to Be a Serial Killer,kmurrow96,0168338882,odickey96@nba.com,false,Once,6/16/2021,7/21/2021,331
332,Going to Kansas City,abernardy97,7312113966,sbartusek97@paginegialle.it,true,Often,2/24/2021,11/23/2020,332
333,The Mysterious Island,ahouson98,8795388397,aheatherington98@nydailynews.com,false,Never,8/3/2021,4/30/2021,333
334,Dylan Moran Live: What It Is,otillot99,6258374514,sdirr99@theguardian.com,false,Monthly,5/5/2021,5/24/2021,334
335,1984,fadderson9a,7406741766,mlittlefield9a@wikipedia.org,false,Weekly,7/4/2021,10/6/2020,335
336,Shake It (En kort en lang),ntwinbrow9b,3083129661,jmacfaell9b@census.gov,true,Never,1/10/2021,11/11/2020,336
337,Face,jbroz9c,8441229295,murey9c@phpbb.com,true,Yearly,7/19/2021,9/10/2020,337
338,Blast,omackomb9d,3845159839,goclery9d@ovh.net,true,Weekly,6/20/2021,11/6/2020,338
339,Chimes at Midnight (Campanadas a medianoche),thugli9e,3027357840,dlawful9e@webeden.co.uk,false,Daily,5/14/2021,6/5/2021,339
340,Starcrash (a.k.a. Star Crash),fmacdunlevy9f,8473656016,nghent9f@businessweek.com,false,Often,8/18/2021,12/2/2020,340
341,Heart and Souls,kpywell9g,7188169179,oparkinson9g@statcounter.com,true,Monthly,2/25/2021,3/25/2021,341
342,Follow Me Quietly,rhiggonet9h,1332121020,cpeasnone9h@usa.gov,true,Seldom,11/11/2020,12/18/2020,342
343,Screamtime,wgilli9i,1143487605,jgutans9i@rambler.ru,true,Monthly,2/26/2021,12/13/2020,343
344,Japon (a.k.a. Japan) (Japón),fbrunone9j,4705003616,ienston9j@bluehost.com,false,Yearly,8/7/2021,10/23/2020,344
345,Turtles Can Fly (Lakposhtha hâm parvaz mikonand),ltomasutti9k,6755496626,sfetterplace9k@infoseek.co.jp,false,Never,7/19/2021,10/24/2020,345
346,Control Room,tmccutheon9l,6661016051,kcough9l@bluehost.com,false,Yearly,10/19/2020,12/19/2020,346
347,"Manhattan Project, The",turion9m,2433199883,aprobat9m@ning.com,false,Never,11/5/2020,3/2/2021,347
348,Mesrine: Killer Instinct (L'instinct de mort),cpenchen9n,7238305577,cpierson9n@liveinternet.ru,true,Daily,11/20/2020,3/18/2021,348
349,Tangled Ever After,wkennefick9o,7732819209,kedelston9o@aol.com,false,Once,9/4/2020,6/5/2021,349
350,"Human Experience, The",mgrishakov9p,6507857769,gpontin9p@canalblog.com,true,Weekly,4/14/2021,3/9/2021,350
351,Zu: Warriors from the Magic Mountain (Xin shu shan jian ke),dscurrer9q,4068717818,pmcgruar9q@theglobeandmail.com,true,Never,7/8/2021,4/21/2021,351
352,Who Do I Gotta Kill?,wsporton9r,0505358476,ccullinan9r@sbwire.com,true,Yearly,7/1/2021,4/28/2021,352
353,The Little Death,ddumbrall9s,9092203149,oimore9s@chronoengine.com,false,Never,12/23/2020,1/4/2021,353
354,Danika,smacdermid9t,4455529268,ocasey9t@behance.net,true,Monthly,3/1/2021,12/11/2020,354
355,Chori Chori Chupke Chupke,vjohnsee9u,3164222300,bjailler9u@illinois.edu,true,Seldom,2/23/2021,2/16/2021,355
356,Barbarella,ibrockton9v,5246470482,gwindridge9v@nbcnews.com,true,Once,3/7/2021,11/19/2020,356
357,For Keeps,bcarpenter9w,7644890971,yellard9w@economist.com,false,Often,5/16/2021,8/30/2021,357
358,Blow Out,dromme9x,0046173986,lhendrikse9x@opensource.org,false,Often,8/27/2021,2/27/2021,358
359,"Betrayed (True and the Brave, The)",tlitherland9y,1070977101,jlindstedt9y@businessweek.com,false,Weekly,10/3/2020,1/26/2021,359
360,War Horse,pmcknish9z,9835125511,hdannehl9z@unesco.org,false,Never,1/4/2021,3/5/2021,360
361,Duets,eshafea0,2451637552,rpachea0@ted.com,true,Once,10/4/2020,9/1/2020,361
362,Blow Job,dvandaalena1,2398280934,khatreya1@goo.ne.jp,true,Seldom,4/10/2021,11/12/2020,362
363,Rasputin and the Empress,swarlawea2,7198295401,iclemoa2@google.cn,false,Daily,8/24/2021,3/13/2021,363
364,"Simpsons: The Longest Daycare, The",bmaccaulla3,6438876372,fgrewcocka3@phoca.cz,true,Monthly,10/23/2020,6/27/2021,364
365,Signs,hfernehougha4,7724551944,cdelamainea4@noaa.gov,true,Daily,11/14/2020,7/28/2021,365
366,Staten Island,dhadyea5,0839763212,dbonna5@ox.ac.uk,false,Often,7/10/2021,8/10/2021,366
367,Donkey Skin (Peau d'âne),dsturdya6,8506938880,mavramovitza6@theguardian.com,true,Often,12/15/2020,1/16/2021,367
368,"Garden of the Finzi-Continis, The (Giardino dei Finzi-Contini, Il)",asullivana7,6192643822,vdegouya7@walmart.com,false,Daily,6/30/2021,11/19/2020,368
369,The Man From The Alamo,primmera8,9196398256,hlambolea8@ed.gov,true,Once,12/28/2020,2/7/2021,369
370,Mala Noche,ioconnora9,2913331890,ebasilia9@purevolume.com,false,Monthly,1/19/2021,3/28/2021,370
371,Welcome Farewell-Gutmann (Bienvenido a Farewell-Gutmann),dfenbyaa,0403317754,bnurdinaa@utexas.edu,false,Daily,10/4/2020,11/18/2020,371
372,"Mothman Prophecies, The",cfenelowab,9074003125,fteasdalemarkieab@dagondesign.com,false,Daily,3/18/2021,2/23/2021,372
373,His Regeneration,lkilpinac,8982313249,cwebberleyac@nydailynews.com,true,Never,10/1/2020,8/1/2021,373
374,"Immortal Story, The (Histoire immortelle)",ffarnad,4779891965,bshapiroad@usa.gov,true,Monthly,7/15/2021,12/12/2020,374
375,Darfur Now,lroysonae,5781204377,hsoppae@cafepress.com,false,Monthly,9/25/2020,11/8/2020,375
376,"Snails, The (Escargots, Les)",asparsholtaf,3750661677,rroberdsaf@oracle.com,true,Monthly,11/28/2020,7/20/2021,376
377,Cinderella Man,vhatherillag,4574952938,bginnetyag@marketwatch.com,true,Never,9/28/2020,7/27/2021,377
378,Russia's Toughest Prisons (National Geographic),jsimsonah,7763504803,rbarmeah@newsvine.com,false,Once,1/3/2021,3/9/2021,378
379,"Lizard in a Woman's Skin, A (Lucertola con la pelle di donna, Una)",dthaimai,5861455678,gkitchenerai@gizmodo.com,true,Yearly,8/8/2021,9/6/2020,379
380,"Men, Women & Children",tmattosoffaj,5778638752,atowndrowaj@geocities.com,true,Once,6/25/2021,5/13/2021,380
381,Tromeo and Juliet,shiggenak,4923715529,amatasovak@google.com.hk,true,Daily,12/16/2020,3/17/2021,381
382,Going the Distance,mlivesleyal,7339727221,hbrownfieldal@house.gov,true,Once,11/7/2020,6/7/2021,382
383,A Mulher Invisível,caldrinam,5572029750,zdoncomam@wsj.com,false,Monthly,12/16/2020,1/4/2021,383
384,Memento,erockinghaman,0763320315,jhallowsan@imageshack.us,true,Often,4/4/2021,4/12/2021,384
385,"Mangler, The",xpickstonao,6209385990,mormesherao@symantec.com,true,Never,11/9/2020,6/9/2021,385
386,"Happy Ending, The",calawayap,0034423087,bhoworthap@slate.com,true,Once,5/13/2021,12/3/2020,386
387,Teddy Bears' Picnic,bkigelmanaq,0104316861,mallbrookaq@foxnews.com,false,Once,10/8/2020,2/12/2021,387
388,Black Angel,wscamadinar,5626894713,vlunckar@soup.io,true,Never,10/2/2020,3/13/2021,388
389,Alias the Doctor,rbaumleras,5962622340,kruffas@home.pl,false,Often,5/5/2021,12/10/2020,389
390,Rosemary's Baby,rpoleat,8577568121,emanifouldat@state.tx.us,false,Often,10/4/2020,1/14/2021,390
391,To Kill a Priest,wmcalineau,5323901500,jroofau@taobao.com,true,Seldom,10/18/2020,10/25/2020,391
392,"Last Samurai, The",dwilbudav,8566683773,shovingtonav@mlb.com,true,Once,7/18/2021,12/11/2020,392
393,7500,tsellarsaw,5944894075,fbidmeadaw@ebay.co.uk,true,Monthly,7/6/2021,2/24/2021,393
394,"Tomb of Ligeia, The",sthairsax,2556726598,cgreetlandax@time.com,true,Monthly,3/9/2021,9/6/2020,394
395,Populaire,mblandamoreay,0082294836,mtumayanay@myspace.com,false,Seldom,3/13/2021,2/28/2021,395
396,Waiting For Armageddon,dclaptonaz,5431310542,mtomkysaz@nytimes.com,true,Never,9/3/2020,5/8/2021,396
397,"Jewel of the Nile, The",ecrickettb0,0846850060,jbroydb0@state.gov,false,Seldom,1/17/2021,8/21/2021,397
398,This Happy Breed,jlockeryb1,1022667262,lofenerb1@mail.ru,false,Once,2/2/2021,10/9/2020,398
399,Eva (a.k.a. Eve),wkayesb2,4954384532,rhuskissonb2@nba.com,true,Once,10/28/2020,1/9/2021,399
400,Unexpected,omaddamsb3,9508611324,dfairleighb3@slideshare.net,false,Often,5/24/2021,5/21/2021,400
401,Washington Square,cchasemoreb4,3026313947,gnewdickb4@cloudflare.com,false,Seldom,3/23/2021,6/7/2021,401
402,Escobar: Paradise Lost,wcrownshawb5,1946342033,clepageb5@opera.com,true,Monthly,6/23/2021,3/2/2021,402
403,5 Dolls for an August Moon (5 bambole per la luna d'agosto),ghalwardb6,2802086642,pbromptonb6@auda.org.au,true,Often,11/3/2020,3/6/2021,403
404,"Hippie Revolution, The",cmoorheadb7,0691341710,pjannexb7@samsung.com,true,Weekly,9/18/2020,12/24/2020,404
405,Our Folks (Sami swoi),jlowaterb8,0497900769,bputtonb8@bluehost.com,false,Seldom,10/29/2020,12/31/2020,405
406,"Nun, The (La monja) ",afurnissb9,5177945707,telnerb9@webnode.com,true,Monthly,11/6/2020,11/16/2020,406
407,Nobody Knows Anybody (Nadie conoce a nadie),cwhaymanba,7475178005,scheccuzziba@washingtonpost.com,true,Monthly,5/30/2021,7/3/2021,407
408,Tidal Wave,ktweedlebb,0893980870,clittlechildbb@icio.us,true,Never,1/7/2021,2/7/2021,408
409,Home Movie,rplosebc,6555491353,aellisbc@goo.ne.jp,false,Weekly,7/25/2021,2/8/2021,409
410,"Study in Scarlet, A",cgilkesbd,3778623656,csaintpierrebd@archive.org,false,Never,9/10/2020,12/17/2020,410
411,Wheelmen,dpovlsenbe,6385991873,mstuttbe@oakley.com,true,Monthly,1/16/2021,10/23/2020,411
412,Here Comes the Groom,hpithcockbf,5156001378,rhessebf@themeforest.net,true,Yearly,5/2/2021,11/4/2020,412
413,Mockingbird Don't Sing,orammbg,6964733957,flimbournebg@walmart.com,true,Often,2/14/2021,10/24/2020,413
414,"19th Wife, The",lkuresbh,5065067961,amacclanceybh@mayoclinic.com,false,Seldom,6/7/2021,9/16/2020,414
415,"Fond Kiss, A (Ae Fond Kiss...)",bmalonebi,5752430488,svenablesbi@jigsy.com,true,Yearly,4/20/2021,5/24/2021,415
416,The King and Four Queens,gminersbj,5643932814,gbarlingbj@sakura.ne.jp,false,Yearly,1/14/2021,7/6/2021,416
417,All Quiet on the Western Front,rburlandbk,4816732977,vmccolebk@prnewswire.com,true,Weekly,5/2/2021,5/4/2021,417
418,Dark Horse,fphinnbl,6349824725,ejervoisbl@w3.org,false,Monthly,10/11/2020,6/13/2021,418
419,Street Trash,gcafebm,7716435051,bbennettbm@springer.com,true,Once,3/25/2021,11/3/2020,419
420,No Holds Barred,abartkowiakbn,9439487712,bchingedehalsbn@bizjournals.com,true,Monthly,10/24/2020,6/23/2021,420
421,Last Run,msextibo,9188317463,mwhitcherbo@prweb.com,false,Monthly,9/17/2020,4/4/2021,421
422,Gunnin' for That #1 Spot,bblackstonebp,6979418874,dallertonbp@symantec.com,false,Monthly,3/8/2021,11/5/2020,422
423,"Marsh, The",ehamlinbq,5237238874,mbednallbq@gravatar.com,true,Weekly,6/16/2021,3/16/2021,423
424,Osaka Elegy (Naniwa erejî),amcfadyenbr,4232547517,bhathwoodbr@skype.com,false,Monthly,4/21/2021,10/11/2020,424
425,Day of the Dead,pcurrallbs,5823284039,gdanisbs@tmall.com,false,Daily,11/6/2020,3/30/2021,425
426,America Before Columbus,uvanyashkinbt,4067204248,owhittingtonbt@webs.com,true,Daily,2/4/2021,12/2/2020,426
427,"Swindle, The (Bidone, Il)",dmccobbbu,4160413137,agossagebu@goo.gl,false,Seldom,1/23/2021,4/25/2021,427
428,Timeline,okinanebv,4627210787,fhinksbv@xrea.com,false,Once,1/27/2021,3/25/2021,428
429,King Corn,ilimmingbw,5126873296,jsibbsbw@booking.com,false,Yearly,8/10/2021,12/14/2020,429
430,2 + 2 (Dos más dos),fbrookesbx,7458198958,dmcentagartbx@photobucket.com,false,Seldom,5/21/2021,5/28/2021,430
431,Unlawful Killing,sgodingby,1309658013,dsimionatoby@xinhuanet.com,false,Daily,8/27/2021,4/13/2021,431
432,Big Wednesday,ggambrellbz,8532505716,cgerantbz@jugem.jp,true,Yearly,2/20/2021,4/1/2021,432
433,Takva: A Man's Fear of God,svanderweedenburgc0,6477413736,mdowc0@domainmarket.com,true,Monthly,10/15/2020,3/5/2021,433
434,"Charge of the Light Brigade, The",wbolstridgec1,6517683356,cgavaranc1@discuz.net,true,Weekly,3/13/2021,9/9/2020,434
435,Through and Through (Na wylot),bchallenerc2,0184169909,hbowcockc2@psu.edu,true,Yearly,7/20/2021,2/28/2021,435
436,"Good Men, Good Women (Hao nan hao nu)",varnkec3,0947224289,gshoremanc3@instagram.com,false,Monthly,11/12/2020,2/28/2021,436
437,Looker,jarmellc4,6417371018,mjizhakic4@mozilla.org,true,Daily,10/19/2020,7/31/2021,437
438,This Filthy World,pwalcherc5,3682757139,afumagallic5@ucsd.edu,false,Monthly,12/3/2020,3/3/2021,438
439,Autohystoria,cfeatonbyc6,3924921512,aenticottc6@lycos.com,false,Daily,4/23/2021,1/17/2021,439
440,Dragon Ball Z: Wrath of the Dragon (Doragon bôru Z 13: Ryûken bakuhatsu!! Gokû ga yaraneba dare ga yaru),mdullaghanc7,6994374297,gnodinc7@whitehouse.gov,false,Seldom,7/21/2021,3/20/2021,440
441,Over the Hedge,npuddlec8,1176282913,rknightsc8@timesonline.co.uk,true,Yearly,7/1/2021,5/17/2021,441
442,1900 (Novecento),fstonehewerc9,9807871867,dbourthouloumec9@prlog.org,false,Seldom,11/10/2020,10/16/2020,442
443,Kaleidoscope,rivattsca,9252164111,kbirdenca@cbsnews.com,false,Never,9/9/2020,3/22/2021,443
444,Army of One (Joshua Tree),fescaleracb,3630420966,bdenescb@vimeo.com,true,Yearly,3/11/2021,10/13/2020,444
445,"Break-Up, The",llangstoncc,7484136158,psymecc@ed.gov,false,Daily,11/14/2020,3/24/2021,445
446,Jennifer's Body,wmcelorycd,4685283872,cmeneelycd@theatlantic.com,true,Often,2/11/2021,8/3/2021,446
447,Expecting Love (Mala wielka milosc),tbrandtce,0043981194,dburnessce@narod.ru,false,Weekly,8/8/2021,8/29/2021,447
448,Arsenic and Old Lace,rdomesdaycf,7730139197,aduquesnaycf@nsw.gov.au,false,Often,2/28/2021,9/5/2020,448
449,Live!,rdunfordcg,9692470032,aaneleycg@jiathis.com,false,Weekly,2/25/2021,3/23/2021,449
450,"Happy, Texas",kkelsowch,4864051550,abertotch@harvard.edu,true,Weekly,7/19/2021,12/31/2020,450
451,Pussy Riot: A Punk Prayer,lseedsci,1698654944,mputnamci@kickstarter.com,true,Once,4/24/2021,11/15/2020,451
452,Already Dead,astangercj,2139067835,sromeracj@dot.gov,true,Weekly,5/11/2021,9/20/2020,452
453,This Boy's Life,tpiddingtonck,0045654301,lmurriganck@timesonline.co.uk,true,Yearly,12/17/2020,12/10/2020,453
454,Italian for Beginners (Italiensk for begyndere),cgrunguercl,5935270528,lburdettcl@tumblr.com,false,Once,1/4/2021,10/18/2020,454
455,Mei and the Kittenbus,aelpheycm,0348933975,acordeuxcm@naver.com,true,Once,10/26/2020,7/22/2021,455
456,Juvenile Court,mludecn,9370407847,rtysallcn@vkontakte.ru,true,Weekly,5/30/2021,10/15/2020,456
457,Animal Love (Tierische Liebe),bconaghanco,4384963645,bdurmanco@globo.com,true,Once,8/27/2021,11/17/2020,457
458,Without a Paddle: Nature's Calling,acaveneycp,3419348320,bbannestercp@behance.net,false,Yearly,10/19/2020,1/23/2021,458
459,Amour,egrzeszczakcq,9638632763,aosgordbycq@wix.com,true,Daily,1/30/2021,3/5/2021,459
460,Naqoyqatsi,opraundlincr,7540934301,channawaycr@opensource.org,false,Never,2/4/2021,5/31/2021,460
461,"Good Guy, The",emessiercs,1980144931,colvercs@nationalgeographic.com,true,Yearly,4/17/2021,3/25/2021,461
462,Small Wonders,kkleinermanct,1712190571,jimmingsct@zdnet.com,false,Seldom,10/23/2020,3/9/2021,462
463,Strange Bedfellows,rebbingcu,5374704842,mhospitalcu@pbs.org,false,Once,4/21/2021,12/6/2020,463
464,Dead Meat,ldoretcv,7447781843,dosgarcv@prnewswire.com,true,Yearly,12/13/2020,8/2/2021,464
465,"Whistle Blower, The",rtottcw,1702584259,bhellingcw@acquirethisname.com,true,Weekly,10/12/2020,9/16/2020,465
466,"Entertainer, The",smoorcraftcx,3135490947,lwillimotcx@behance.net,false,Yearly,10/12/2020,4/16/2021,466
467,My Favorite Season,bpeddercy,3208591926,cstaintoncy@cnbc.com,false,Weekly,7/26/2021,10/13/2020,467
468,Atlas Shrugged: Who Is John Galt? (Atlas Shrugged: Part III),rcaslanecz,5573930893,jchalonercz@vkontakte.ru,true,Weekly,3/28/2021,1/10/2021,468
469,Year Zero: The Silent Death of Cambodia,rcrossfieldd0,1582452180,bbenitd0@aol.com,true,Often,4/6/2021,6/9/2021,469
470,Are You Listening?,klavisted1,2460932782,gforderd1@soup.io,true,Seldom,7/18/2021,7/17/2021,470
471,"Scapegoat, The",etommeod2,3022781148,dquarlessd2@nydailynews.com,false,Never,10/25/2020,9/10/2020,471
472,Vic+Flo Saw a Bear,mtukelyd3,1138815470,bvanyushind3@amazon.co.uk,false,Never,11/22/2020,7/26/2021,472
473,Hoodwinked Too! Hood vs. Evil,fvernaud4,4410101781,fosgoodd4@moonfruit.com,false,Once,4/13/2021,12/25/2020,473
474,Legends of the Fall,drudeforthd5,1538767716,mscutterd5@geocities.jp,true,Once,6/22/2021,12/30/2020,474
475,Little Black Book,anewcomd6,6653249751,nraglessd6@blog.com,true,Monthly,7/2/2021,2/12/2021,475
476,"Angel at My Table, An",ddibbled7,9111112832,eimessond7@theatlantic.com,true,Weekly,4/5/2021,11/24/2020,476
477,Mountains of the Moon,vbonaviad8,6123884522,omiond8@nymag.com,false,Often,5/31/2021,2/17/2021,477
478,Raanjhanaa,ncouped9,8149391681,jjuggingsd9@hud.gov,false,Daily,10/28/2020,4/5/2021,478
479,Penitentiary,hsellandda,2775028764,cgeekieda@foxnews.com,false,Often,3/19/2021,6/29/2021,479
480,Green Light,yradbonedb,7798953035,lfilpodb@feedburner.com,true,Monthly,9/17/2020,10/26/2020,480
481,Underdog,callittdc,9998426979,djakemandc@unesco.org,true,Yearly,4/28/2021,9/28/2020,481
482,Soldier of Fortune,ppizerdd,9030168633,rswindledd@imgur.com,true,Yearly,5/15/2021,4/21/2021,482
483,Sanshiro Sugata Part Two (Judo Saga II) (Zoku Sugata Sanshirô),deldredde,0578590670,astainlandde@seattletimes.com,false,Yearly,3/15/2021,11/5/2020,483
484,East Meets West (Dung sing sai tsau 2011),dvandermarkdf,1106697197,crockhalldf@printfriendly.com,true,Yearly,11/30/2020,4/4/2021,484
485,"Palm Beach Story, The",khartfielddg,1367727650,vraratydg@reference.com,true,Monthly,3/28/2021,4/27/2021,485
486,"Darjeeling Limited, The",ldudleydh,9452781297,snicedh@opera.com,false,Weekly,3/19/2021,5/4/2021,486
487,Dark Blue,dbachshelldi,9805145697,igogiedi@toplist.cz,false,Daily,9/14/2020,12/25/2020,487
488,Just a Little Harmless Sex,neldindj,1116148846,dbrunellidj@squarespace.com,false,Daily,10/3/2020,1/24/2021,488
489,Attack from Space,jmacclintondk,7586945837,ssherringtondk@g.co,true,Once,7/14/2021,10/18/2020,489
490,300: Rise of an Empire,emanneringdl,5572667056,dsheredl@github.io,false,Seldom,10/20/2020,10/6/2020,490
491,Deliverance Creek,dbryantdm,4909114718,gmclindendm@51.la,true,Once,7/12/2021,3/4/2021,491
492,Murders in the Rue Morgue,adunckleedn,4481337575,mfuchsdn@flavors.me,true,Never,6/4/2021,10/10/2020,492
493,"Spirit, The",crayltondo,3662044021,kelstowdo@state.tx.us,true,Often,11/18/2020,2/14/2021,493
494,Aces: Iron Eagle III,arizziellodp,7061937955,peaglendp@t-online.de,false,Daily,6/29/2021,3/7/2021,494
495,Amityville: Dollhouse,sungerdq,2384398024,rmacdougalldq@jugem.jp,false,Weekly,1/9/2021,6/17/2021,495
496,"Banshee Chapter, The",kheaphydr,5672613462,ugingelldr@slideshare.net,true,Weekly,3/16/2021,10/25/2020,496
497,Speedway Junky,gwestnageds,5227357404,npredohlds@amazon.com,false,Once,7/26/2021,5/13/2021,497
498,Back to the Secret Garden,fqueyosdt,9342711103,dmacclanceydt@ox.ac.uk,false,Daily,3/26/2021,10/5/2020,498
499,Watercolors,pyakubowiczdu,4107962415,bclubbedu@globo.com,false,Weekly,3/20/2021,6/11/2021,499
500,Entre Amigos (Planta 4ª),edowseydv,4706023254,aventrisdv@imgur.com,true,Once,12/28/2020,7/5/2021,500
